<?xml version="1.0" encoding="windows-1252" ?>
<adfc-config xmlns="http://xmlns.oracle.com/adf/controller" version="1.2">
  <task-flow-definition id="EmployeeList">
    <default-activity>employeeList</default-activity>
    <data-control-scope>
      <shared/>
    </data-control-scope>
    <managed-bean id="__1">
      <managed-bean-name>MultiTaskFlowBinding</managed-bean-name>
      <managed-bean-class>com.venkat.personal.mbeans.MultiTaskFlowBinding</managed-bean-class>
      <managed-bean-scope>view</managed-bean-scope>
    </managed-bean>
    <managed-bean id="__2">
      <managed-bean-name>ListBean</managed-bean-name>
      <managed-bean-class>com.venkat.personal.mbeans.ListBean</managed-bean-class>
      <managed-bean-scope>backingBean</managed-bean-scope>
    </managed-bean>
    <view id="employeeList">
      <page>/employeeList.jsff</page>
    </view>
    <use-page-fragments/>
  </task-flow-definition>
</adfc-config>
