<?xml version="1.0" encoding="windows-1252" ?>
<adfc-config xmlns="http://xmlns.oracle.com/adf/controller" version="1.2">
  <task-flow-definition id="EmployeeTF">
    <default-activity>executeCriteria</default-activity>
    <data-control-scope>
      <isolated/>
    </data-control-scope>
    <input-parameter-definition id="__6">
      <name>empId</name>
      <class>java.lang.Integer</class>
    </input-parameter-definition>
    <managed-bean id="__1">
      <managed-bean-name>EmployeeBean</managed-bean-name>
      <managed-bean-class>com.venkat.personal.mbeans.EmployeeBean</managed-bean-class>
      <managed-bean-scope>backingBean</managed-bean-scope>
    </managed-bean>
    <view id="employee">
      <page>/employee.jsff</page>
    </view>
    <method-call id="executeCriteria">
      <method>#{backingBeanScope.EmployeeBean.executeCriteria}</method>
      <parameter>
        <class>java.lang.Integer</class>
        <value>#{pageFlowScope.empId}</value>
      </parameter>
      <outcome>
        <fixed-outcome>execute</fixed-outcome>
      </outcome>
    </method-call>
    <control-flow-rule id="__4">
      <from-activity-id>executeCriteria</from-activity-id>
      <control-flow-case id="__5">
        <from-outcome>execute</from-outcome>
        <to-activity-id>employee</to-activity-id>
      </control-flow-case>
    </control-flow-rule>
    <use-page-fragments/>
  </task-flow-definition>
</adfc-config>
